Municipios (con más de 50.000 habitantes) y capitales de provincia;Tamaño del hogar;Superficia de la vivienda;Total
01059 Vitoria-Gasteiz;Total (tamaño del hogar);Total (superficie útil);107.165
01059 Vitoria-Gasteiz;1 persona;Total (superficie útil);33.223
01059 Vitoria-Gasteiz;2 personas;Total (superficie útil);33.280
01059 Vitoria-Gasteiz;3 personas;Total (superficie útil);19.913
01059 Vitoria-Gasteiz;4 personas;Total (superficie útil);15.690
01059 Vitoria-Gasteiz;5 o más personas;Total (superficie útil);5.059
02003 Albacete;Total (tamaño del hogar);Total (superficie útil);66.328
02003 Albacete;1 persona;Total (superficie útil);17.290
02003 Albacete;2 personas;Total (superficie útil);17.260
02003 Albacete;3 personas;Total (superficie útil);14.182
02003 Albacete;4 personas;Total (superficie útil);13.015
02003 Albacete;5 o más personas;Total (superficie útil);4.581
03009 Alcoy/Alcoi;Total (tamaño del hogar);Total (superficie útil);24.615
03009 Alcoy/Alcoi;1 persona;Total (superficie útil);7.265
03009 Alcoy/Alcoi;2 personas;Total (superficie útil);7.145
03009 Alcoy/Alcoi;3 personas;Total (superficie útil);5.139
03009 Alcoy/Alcoi;4 personas;Total (superficie útil);3.950
03009 Alcoy/Alcoi;5 o más personas;Total (superficie útil);1.116
03014 Alicante/Alacant;Total (tamaño del hogar);Total (superficie útil);135.864
03014 Alicante/Alacant;1 persona;Total (superficie útil);39.536
03014 Alicante/Alacant;2 personas;Total (superficie útil);37.976
03014 Alicante/Alacant;3 personas;Total (superficie útil);27.155
03014 Alicante/Alacant;4 personas;Total (superficie útil);21.375
03014 Alicante/Alacant;5 o más personas;Total (superficie útil);9.822
03031 Benidorm;Total (tamaño del hogar);Total (superficie útil);29.550
03031 Benidorm;1 persona;Total (superficie útil);10.352
03031 Benidorm;2 personas;Total (superficie útil);8.796
03031 Benidorm;3 personas;Total (superficie útil);5.012
03031 Benidorm;4 personas;Total (superficie útil);3.415
03031 Benidorm;5 o más personas;Total (superficie útil);1.975
03065 Elche/Elx;Total (tamaño del hogar);Total (superficie útil);88.498
03065 Elche/Elx;1 persona;Total (superficie útil);20.773
03065 Elche/Elx;2 personas;Total (superficie útil);24.444
03065 Elche/Elx;3 personas;Total (superficie útil);19.225
03065 Elche/Elx;4 personas;Total (superficie útil);16.947
03065 Elche/Elx;5 o más personas;Total (superficie útil);7.109
03066 Elda;Total (tamaño del hogar);Total (superficie útil);21.028
03066 Elda;1 persona;Total (superficie útil);5.569
03066 Elda;2 personas;Total (superficie útil);6.249
03066 Elda;3 personas;Total (superficie útil);4.522
03066 Elda;4 personas;Total (superficie útil);3.447
03066 Elda;5 o más personas;Total (superficie útil);1.241
03099 Orihuela;Total (tamaño del hogar);Total (superficie útil);31.805
03099 Orihuela;1 persona;Total (superficie útil);8.893
03099 Orihuela;2 personas;Total (superficie útil);10.155
03099 Orihuela;3 personas;Total (superficie útil);5.579
03099 Orihuela;4 personas;Total (superficie útil);4.834
03099 Orihuela;5 o más personas;Total (superficie útil);2.344
03122 San Vicente del Raspeig/Sant Vicent del Raspeig;Total (tamaño del hogar);Total (superficie útil);21.721
03122 San Vicente del Raspeig/Sant Vicent del Raspeig;1 persona;Total (superficie útil);4.720
03122 San Vicente del Raspeig/Sant Vicent del Raspeig;2 personas;Total (superficie útil);5.740
03122 San Vicente del Raspeig/Sant Vicent del Raspeig;3 personas;Total (superficie útil);5.104
03122 San Vicente del Raspeig/Sant Vicent del Raspeig;4 personas;Total (superficie útil);4.562
03122 San Vicente del Raspeig/Sant Vicent del Raspeig;5 o más personas;Total (superficie útil);1.595
03133 Torrevieja;Total (tamaño del hogar);Total (superficie útil);36.829
03133 Torrevieja;1 persona;Total (superficie útil);12.873
03133 Torrevieja;2 personas;Total (superficie útil);11.414
03133 Torrevieja;3 personas;Total (superficie útil);5.952
03133 Torrevieja;4 personas;Total (superficie útil);4.266
03133 Torrevieja;5 o más personas;Total (superficie útil);2.324
04013 Almería;Total (tamaño del hogar);Total (superficie útil);75.980
04013 Almería;1 persona;Total (superficie útil);20.372
04013 Almería;2 personas;Total (superficie útil);19.558
04013 Almería;3 personas;Total (superficie útil);15.870
04013 Almería;4 personas;Total (superficie útil);13.327
04013 Almería;5 o más personas;Total (superficie útil);6.853
04079 Roquetas de Mar;Total (tamaño del hogar);Total (superficie útil);37.295
04079 Roquetas de Mar;1 persona;Total (superficie útil);9.807
04079 Roquetas de Mar;2 personas;Total (superficie útil);9.586
04079 Roquetas de Mar;3 personas;Total (superficie útil);7.798
04079 Roquetas de Mar;4 personas;Total (superficie útil);6.711
04079 Roquetas de Mar;5 o más personas;Total (superficie útil);3.393
04902 Ejido, El;Total (tamaño del hogar);Total (superficie útil);28.813
04902 Ejido, El;1 persona;Total (superficie útil);6.696
04902 Ejido, El;2 personas;Total (superficie útil);6.962
04902 Ejido, El;3 personas;Total (superficie útil);5.898
04902 Ejido, El;4 personas;Total (superficie útil);5.705
04902 Ejido, El;5 o más personas;Total (superficie útil);3.552
05019 Ávila;Total (tamaño del hogar);Total (superficie útil);24.433
05019 Ávila;1 persona;Total (superficie útil);7.904
05019 Ávila;2 personas;Total (superficie útil);6.671
05019 Ávila;3 personas;Total (superficie útil);4.976
05019 Ávila;4 personas;Total (superficie útil);3.746
05019 Ávila;5 o más personas;Total (superficie útil);1.136
06015 Badajoz;Total (tamaño del hogar);Total (superficie útil);58.015
06015 Badajoz;1 persona;Total (superficie útil);14.587
06015 Badajoz;2 personas;Total (superficie útil);15.626
06015 Badajoz;3 personas;Total (superficie útil);12.718
06015 Badajoz;4 personas;Total (superficie útil);10.959
06015 Badajoz;5 o más personas;Total (superficie útil);4.125
06083 Mérida;Total (tamaño del hogar);Total (superficie útil);23.245
06083 Mérida;1 persona;Total (superficie útil);6.102
06083 Mérida;2 personas;Total (superficie útil);6.232
06083 Mérida;3 personas;Total (superficie útil);4.958
06083 Mérida;4 personas;Total (superficie útil);4.516
06083 Mérida;5 o más personas;Total (superficie útil);1.437
07011 Calvià;Total (tamaño del hogar);Total (superficie útil);20.609
07011 Calvià;1 persona;Total (superficie útil);5.946
07011 Calvià;2 personas;Total (superficie útil);5.696
07011 Calvià;3 personas;Total (superficie útil);4.066
07011 Calvià;4 personas;Total (superficie útil);3.231
07011 Calvià;5 o más personas;Total (superficie útil);1.670
07026 Eivissa;Total (tamaño del hogar);Total (superficie útil);18.516
07026 Eivissa;1 persona;Total (superficie útil);4.616
07026 Eivissa;2 personas;Total (superficie útil);4.976
07026 Eivissa;3 personas;Total (superficie útil);3.831
07026 Eivissa;4 personas;Total (superficie útil);3.019
07026 Eivissa;5 o más personas;Total (superficie útil);2.074
07040 Palma;Total (tamaño del hogar);Total (superficie útil);157.101
07040 Palma;1 persona;Total (superficie útil);38.296
07040 Palma;2 personas;Total (superficie útil);43.849
07040 Palma;3 personas;Total (superficie útil);33.830
07040 Palma;4 personas;Total (superficie útil);25.061
07040 Palma;5 o más personas;Total (superficie útil);16.065
08015 Badalona;Total (tamaño del hogar);Total (superficie útil);83.337
08015 Badalona;1 persona;Total (superficie útil);18.277
08015 Badalona;2 personas;Total (superficie útil);25.015
08015 Badalona;3 personas;Total (superficie útil);18.727
08015 Badalona;4 personas;Total (superficie útil);14.576
08015 Badalona;5 o más personas;Total (superficie útil);6.742
08019 Barcelona;Total (tamaño del hogar);Total (superficie útil);671.177
08019 Barcelona;1 persona;Total (superficie útil);207.973
08019 Barcelona;2 personas;Total (superficie útil);205.174
08019 Barcelona;3 personas;Total (superficie útil);126.877
08019 Barcelona;4 personas;Total (superficie útil);89.495
08019 Barcelona;5 o más personas;Total (superficie útil);41.658
08056 Castelldefels;Total (tamaño del hogar);Total (superficie útil);24.792
08056 Castelldefels;1 persona;Total (superficie útil);5.451
08056 Castelldefels;2 personas;Total (superficie útil);6.828
08056 Castelldefels;3 personas;Total (superficie útil);5.757
08056 Castelldefels;4 personas;Total (superficie útil);4.829
08056 Castelldefels;5 o más personas;Total (superficie útil);1.927
08073 Cornellà de Llobregat;Total (tamaño del hogar);Total (superficie útil);34.517
08073 Cornellà de Llobregat;1 persona;Total (superficie útil);8.104
08073 Cornellà de Llobregat;2 personas;Total (superficie útil);10.510
08073 Cornellà de Llobregat;3 personas;Total (superficie útil);7.636
08073 Cornellà de Llobregat;4 personas;Total (superficie útil);5.873
08073 Cornellà de Llobregat;5 o más personas;Total (superficie útil);2.394
08096 Granollers;Total (tamaño del hogar);Total (superficie útil);23.463
08096 Granollers;1 persona;Total (superficie útil);5.494
08096 Granollers;2 personas;Total (superficie útil);7.047
08096 Granollers;3 personas;Total (superficie útil);5.068
08096 Granollers;4 personas;Total (superficie útil);3.876
08096 Granollers;5 o más personas;Total (superficie útil);1.978
08101 Hospitalet de Llobregat, L';Total (tamaño del hogar);Total (superficie útil);101.809
08101 Hospitalet de Llobregat, L';1 persona;Total (superficie útil);24.350
08101 Hospitalet de Llobregat, L';2 personas;Total (superficie útil);31.953
08101 Hospitalet de Llobregat, L';3 personas;Total (superficie útil);21.324
08101 Hospitalet de Llobregat, L';4 personas;Total (superficie útil);15.227
08101 Hospitalet de Llobregat, L';5 o más personas;Total (superficie útil);8.955
08113 Manresa;Total (tamaño del hogar);Total (superficie útil);31.030
08113 Manresa;1 persona;Total (superficie útil);8.859
08113 Manresa;2 personas;Total (superficie útil);8.972
08113 Manresa;3 personas;Total (superficie útil);6.053
08113 Manresa;4 personas;Total (superficie útil);4.632
08113 Manresa;5 o más personas;Total (superficie útil);2.514
08121 Mataró;Total (tamaño del hogar);Total (superficie útil);48.140
08121 Mataró;1 persona;Total (superficie útil);10.927
08121 Mataró;2 personas;Total (superficie útil);14.050
08121 Mataró;3 personas;Total (superficie útil);10.367
08121 Mataró;4 personas;Total (superficie útil);8.402
08121 Mataró;5 o más personas;Total (superficie útil);4.394
08124 Mollet del Vallès;Total (tamaño del hogar);Total (superficie útil);19.238
08124 Mollet del Vallès;1 persona;Total (superficie útil);4.051
08124 Mollet del Vallès;2 personas;Total (superficie útil);5.696
08124 Mollet del Vallès;3 personas;Total (superficie útil);4.535
08124 Mollet del Vallès;4 personas;Total (superficie útil);3.639
08124 Mollet del Vallès;5 o más personas;Total (superficie útil);1.317
08169 Prat de Llobregat, El;Total (tamaño del hogar);Total (superficie útil);24.614
08169 Prat de Llobregat, El;1 persona;Total (superficie útil);5.271
08169 Prat de Llobregat, El;2 personas;Total (superficie útil);7.520
08169 Prat de Llobregat, El;3 personas;Total (superficie útil);5.575
08169 Prat de Llobregat, El;4 personas;Total (superficie útil);4.453
08169 Prat de Llobregat, El;5 o más personas;Total (superficie útil);1.795
08184 Rubí;Total (tamaño del hogar);Total (superficie útil);28.881
08184 Rubí;1 persona;Total (superficie útil);6.023
08184 Rubí;2 personas;Total (superficie útil);8.353
08184 Rubí;3 personas;Total (superficie útil);6.570
08184 Rubí;4 personas;Total (superficie útil);5.428
08184 Rubí;5 o más personas;Total (superficie útil);2.507
08187 Sabadell;Total (tamaño del hogar);Total (superficie útil);83.558
08187 Sabadell;1 persona;Total (superficie útil);20.236
08187 Sabadell;2 personas;Total (superficie útil);25.103
08187 Sabadell;3 personas;Total (superficie útil);17.499
08187 Sabadell;4 personas;Total (superficie útil);14.512
08187 Sabadell;5 o más personas;Total (superficie útil);6.208
08200 Sant Boi de Llobregat;Total (tamaño del hogar);Total (superficie útil);31.529
08200 Sant Boi de Llobregat;1 persona;Total (superficie útil);6.641
08200 Sant Boi de Llobregat;2 personas;Total (superficie útil);9.608
08200 Sant Boi de Llobregat;3 personas;Total (superficie útil);7.233
08200 Sant Boi de Llobregat;4 personas;Total (superficie útil);5.941
08200 Sant Boi de Llobregat;5 o más personas;Total (superficie útil);2.106
08205 Sant Cugat del Vallès;Total (tamaño del hogar);Total (superficie útil);31.327
08205 Sant Cugat del Vallès;1 persona;Total (superficie útil);5.412
08205 Sant Cugat del Vallès;2 personas;Total (superficie útil);7.753
08205 Sant Cugat del Vallès;3 personas;Total (superficie útil);6.823
08205 Sant Cugat del Vallès;4 personas;Total (superficie útil);7.399
08205 Sant Cugat del Vallès;5 o más personas;Total (superficie útil);3.940
08245 Santa Coloma de Gramenet;Total (tamaño del hogar);Total (superficie útil);44.180
08245 Santa Coloma de Gramenet;1 persona;Total (superficie útil);9.839
08245 Santa Coloma de Gramenet;2 personas;Total (superficie útil);13.366
08245 Santa Coloma de Gramenet;3 personas;Total (superficie útil);9.610
08245 Santa Coloma de Gramenet;4 personas;Total (superficie útil);7.156
08245 Santa Coloma de Gramenet;5 o más personas;Total (superficie útil);4.209
08266 Cerdanyola del Vallès;Total (tamaño del hogar);Total (superficie útil);21.726
08266 Cerdanyola del Vallès;1 persona;Total (superficie útil);4.776
08266 Cerdanyola del Vallès;2 personas;Total (superficie útil);6.587
08266 Cerdanyola del Vallès;3 personas;Total (superficie útil);4.883
08266 Cerdanyola del Vallès;4 personas;Total (superficie útil);4.081
08266 Cerdanyola del Vallès;5 o más personas;Total (superficie útil);1.399
08279 Terrassa;Total (tamaño del hogar);Total (superficie útil);84.791
08279 Terrassa;1 persona;Total (superficie útil);20.499
08279 Terrassa;2 personas;Total (superficie útil);24.722
08279 Terrassa;3 personas;Total (superficie útil);17.915
08279 Terrassa;4 personas;Total (superficie útil);14.786
08279 Terrassa;5 o más personas;Total (superficie útil);6.869
08301 Viladecans;Total (tamaño del hogar);Total (superficie útil);24.405
08301 Viladecans;1 persona;Total (superficie útil);4.534
08301 Viladecans;2 personas;Total (superficie útil);7.016
08301 Viladecans;3 personas;Total (superficie útil);5.936
08301 Viladecans;4 personas;Total (superficie útil);5.234
08301 Viladecans;5 o más personas;Total (superficie útil);1.685
08307 Vilanova i la Geltrú;Total (tamaño del hogar);Total (superficie útil);26.067
08307 Vilanova i la Geltrú;1 persona;Total (superficie útil);6.730
08307 Vilanova i la Geltrú;2 personas;Total (superficie útil);7.895
08307 Vilanova i la Geltrú;3 personas;Total (superficie útil);5.640
08307 Vilanova i la Geltrú;4 personas;Total (superficie útil);4.140
08307 Vilanova i la Geltrú;5 o más personas;Total (superficie útil);1.662
09059 Burgos;Total (tamaño del hogar);Total (superficie útil);73.410
09059 Burgos;1 persona;Total (superficie útil);23.614
09059 Burgos;2 personas;Total (superficie útil);20.730
09059 Burgos;3 personas;Total (superficie útil);14.505
09059 Burgos;4 personas;Total (superficie útil);10.881
09059 Burgos;5 o más personas;Total (superficie útil);3.680
10037 Cáceres;Total (tamaño del hogar);Total (superficie útil);39.048
10037 Cáceres;1 persona;Total (superficie útil);11.516
10037 Cáceres;2 personas;Total (superficie útil);10.463
10037 Cáceres;3 personas;Total (superficie útil);8.272
10037 Cáceres;4 personas;Total (superficie útil);6.815
10037 Cáceres;5 o más personas;Total (superficie útil);1.982
11004 Algeciras;Total (tamaño del hogar);Total (superficie útil);45.430
11004 Algeciras;1 persona;Total (superficie útil);10.691
11004 Algeciras;2 personas;Total (superficie útil);11.720
11004 Algeciras;3 personas;Total (superficie útil);10.023
11004 Algeciras;4 personas;Total (superficie útil);8.710
11004 Algeciras;5 o más personas;Total (superficie útil);4.286
11012 Cádiz;Total (tamaño del hogar);Total (superficie útil);46.071
11012 Cádiz;1 persona;Total (superficie útil);12.432
11012 Cádiz;2 personas;Total (superficie útil);13.360
11012 Cádiz;3 personas;Total (superficie útil);10.121
11012 Cádiz;4 personas;Total (superficie útil);7.474
11012 Cádiz;5 o más personas;Total (superficie útil);2.684
11015 Chiclana de la Frontera;Total (tamaño del hogar);Total (superficie útil);31.638
11015 Chiclana de la Frontera;1 persona;Total (superficie útil);6.995
11015 Chiclana de la Frontera;2 personas;Total (superficie útil);8.063
11015 Chiclana de la Frontera;3 personas;Total (superficie útil);7.101
11015 Chiclana de la Frontera;4 personas;Total (superficie útil);6.869
11015 Chiclana de la Frontera;5 o más personas;Total (superficie útil);2.610
11020 Jerez de la Frontera;Total (tamaño del hogar);Total (superficie útil);79.708
11020 Jerez de la Frontera;1 persona;Total (superficie útil);17.950
11020 Jerez de la Frontera;2 personas;Total (superficie útil);21.208
11020 Jerez de la Frontera;3 personas;Total (superficie útil);18.227
11020 Jerez de la Frontera;4 personas;Total (superficie útil);16.351
11020 Jerez de la Frontera;5 o más personas;Total (superficie útil);5.972
11022 Línea de la Concepción, La;Total (tamaño del hogar);Total (superficie útil);24.282
11022 Línea de la Concepción, La;1 persona;Total (superficie útil);5.988
11022 Línea de la Concepción, La;2 personas;Total (superficie útil);6.764
11022 Línea de la Concepción, La;3 personas;Total (superficie útil);5.475
11022 Línea de la Concepción, La;4 personas;Total (superficie útil);3.887
11022 Línea de la Concepción, La;5 o más personas;Total (superficie útil);2.168
11027 Puerto de Santa María, El;Total (tamaño del hogar);Total (superficie útil);32.489
11027 Puerto de Santa María, El;1 persona;Total (superficie útil);7.424
11027 Puerto de Santa María, El;2 personas;Total (superficie útil);8.267
11027 Puerto de Santa María, El;3 personas;Total (superficie útil);7.113
11027 Puerto de Santa María, El;4 personas;Total (superficie útil);6.622
11027 Puerto de Santa María, El;5 o más personas;Total (superficie útil);3.063
11031 San Fernando;Total (tamaño del hogar);Total (superficie útil);34.878
11031 San Fernando;1 persona;Total (superficie útil);7.149
11031 San Fernando;2 personas;Total (superficie útil);9.373
11031 San Fernando;3 personas;Total (superficie útil);8.360
11031 San Fernando;4 personas;Total (superficie útil);7.448
11031 San Fernando;5 o más personas;Total (superficie útil);2.548
11032 Sanlúcar de Barrameda;Total (tamaño del hogar);Total (superficie útil);25.294
11032 Sanlúcar de Barrameda;1 persona;Total (superficie útil);5.732
11032 Sanlúcar de Barrameda;2 personas;Total (superficie útil);6.365
11032 Sanlúcar de Barrameda;3 personas;Total (superficie útil);5.721
11032 Sanlúcar de Barrameda;4 personas;Total (superficie útil);5.248
11032 Sanlúcar de Barrameda;5 o más personas;Total (superficie útil);2.228
12040 Castelló de la Plana;Total (tamaño del hogar);Total (superficie útil);69.787
12040 Castelló de la Plana;1 persona;Total (superficie útil);19.592
12040 Castelló de la Plana;2 personas;Total (superficie útil);20.002
12040 Castelló de la Plana;3 personas;Total (superficie útil);14.493
12040 Castelló de la Plana;4 personas;Total (superficie útil);11.605
12040 Castelló de la Plana;5 o más personas;Total (superficie útil);4.095
12135 Vila-real;Total (tamaño del hogar);Total (superficie útil);19.177
12135 Vila-real;1 persona;Total (superficie útil);4.711
12135 Vila-real;2 personas;Total (superficie útil);5.250
12135 Vila-real;3 personas;Total (superficie útil);4.092
12135 Vila-real;4 personas;Total (superficie útil);3.782
12135 Vila-real;5 o más personas;Total (superficie útil);1.342
13034 Ciudad Real;Total (tamaño del hogar);Total (superficie útil);29.875
13034 Ciudad Real;1 persona;Total (superficie útil);8.771
13034 Ciudad Real;2 personas;Total (superficie útil);7.829
13034 Ciudad Real;3 personas;Total (superficie útil);6.025
13034 Ciudad Real;4 personas;Total (superficie útil);5.247
13034 Ciudad Real;5 o más personas;Total (superficie útil);2.003
14021 Córdoba;Total (tamaño del hogar);Total (superficie útil);122.668
14021 Córdoba;1 persona;Total (superficie útil);31.242
14021 Córdoba;2 personas;Total (superficie útil);33.205
14021 Córdoba;3 personas;Total (superficie útil);25.885
14021 Córdoba;4 personas;Total (superficie útil);23.487
14021 Córdoba;5 o más personas;Total (superficie útil);8.849
15030 Coruña, A;Total (tamaño del hogar);Total (superficie útil);104.637
15030 Coruña, A;1 persona;Total (superficie útil);32.234
15030 Coruña, A;2 personas;Total (superficie útil);32.136
15030 Coruña, A;3 personas;Total (superficie útil);21.498
15030 Coruña, A;4 personas;Total (superficie útil);13.961
15030 Coruña, A;5 o más personas;Total (superficie útil);4.808
15036 Ferrol;Total (tamaño del hogar);Total (superficie útil);29.247
15036 Ferrol;1 persona;Total (superficie útil);10.067
15036 Ferrol;2 personas;Total (superficie útil);9.340
15036 Ferrol;3 personas;Total (superficie útil);5.539
15036 Ferrol;4 personas;Total (superficie útil);3.192
15036 Ferrol;5 o más personas;Total (superficie útil);1.109
15078 Santiago de Compostela;Total (tamaño del hogar);Total (superficie útil);39.315
15078 Santiago de Compostela;1 persona;Total (superficie útil);11.936
15078 Santiago de Compostela;2 personas;Total (superficie útil);10.552
15078 Santiago de Compostela;3 personas;Total (superficie útil);8.123
15078 Santiago de Compostela;4 personas;Total (superficie útil);5.938
15078 Santiago de Compostela;5 o más personas;Total (superficie útil);2.766
16078 Cuenca;Total (tamaño del hogar);Total (superficie útil);22.187
16078 Cuenca;1 persona;Total (superficie útil);6.880
16078 Cuenca;2 personas;Total (superficie útil);5.925
16078 Cuenca;3 personas;Total (superficie útil);4.580
16078 Cuenca;4 personas;Total (superficie útil);3.472
16078 Cuenca;5 o más personas;Total (superficie útil);1.330
17079 Girona;Total (tamaño del hogar);Total (superficie útil);38.711
17079 Girona;1 persona;Total (superficie útil);10.523
17079 Girona;2 personas;Total (superficie útil);10.736
17079 Girona;3 personas;Total (superficie útil);7.568
17079 Girona;4 personas;Total (superficie útil);6.221
17079 Girona;5 o más personas;Total (superficie útil);3.663
18087 Granada;Total (tamaño del hogar);Total (superficie útil);98.316
18087 Granada;1 persona;Total (superficie útil);33.549
18087 Granada;2 personas;Total (superficie útil);27.223
18087 Granada;3 personas;Total (superficie útil);17.464
18087 Granada;4 personas;Total (superficie útil);13.384
18087 Granada;5 o más personas;Total (superficie útil);6.696
18140 Motril;Total (tamaño del hogar);Total (superficie útil);21.576
18140 Motril;1 persona;Total (superficie útil);4.946
18140 Motril;2 personas;Total (superficie útil);5.554
18140 Motril;3 personas;Total (superficie útil);4.828
18140 Motril;4 personas;Total (superficie útil);4.372
18140 Motril;5 o más personas;Total (superficie útil);1.876
19130 Guadalajara;Total (tamaño del hogar);Total (superficie útil);34.106
19130 Guadalajara;1 persona;Total (superficie útil);9.459
19130 Guadalajara;2 personas;Total (superficie útil);9.436
19130 Guadalajara;3 personas;Total (superficie útil);6.919
19130 Guadalajara;4 personas;Total (superficie útil);5.722
19130 Guadalajara;5 o más personas;Total (superficie útil);2.570
20045 Irun;Total (tamaño del hogar);Total (superficie útil);25.411
20045 Irun;1 persona;Total (superficie útil);6.798
20045 Irun;2 personas;Total (superficie útil);7.918
20045 Irun;3 personas;Total (superficie útil);5.160
20045 Irun;4 personas;Total (superficie útil);4.072
20045 Irun;5 o más personas;Total (superficie útil);1.463
20069 Donostia/San Sebastián;Total (tamaño del hogar);Total (superficie útil);79.333
20069 Donostia/San Sebastián;1 persona;Total (superficie útil);24.864
20069 Donostia/San Sebastián;2 personas;Total (superficie útil);24.600
20069 Donostia/San Sebastián;3 personas;Total (superficie útil);14.323
20069 Donostia/San Sebastián;4 personas;Total (superficie útil);11.573
20069 Donostia/San Sebastián;5 o más personas;Total (superficie útil);3.973
21041 Huelva;Total (tamaño del hogar);Total (superficie útil);55.813
21041 Huelva;1 persona;Total (superficie útil);14.512
21041 Huelva;2 personas;Total (superficie útil);15.325
21041 Huelva;3 personas;Total (superficie útil);12.125
21041 Huelva;4 personas;Total (superficie útil);10.329
21041 Huelva;5 o más personas;Total (superficie útil);3.522
22125 Huesca;Total (tamaño del hogar);Total (superficie útil);21.830
22125 Huesca;1 persona;Total (superficie útil);6.541
22125 Huesca;2 personas;Total (superficie útil);6.282
22125 Huesca;3 personas;Total (superficie útil);4.584
22125 Huesca;4 personas;Total (superficie útil);3.120
22125 Huesca;5 o más personas;Total (superficie útil);1.303
23050 Jaén;Total (tamaño del hogar);Total (superficie útil);43.149
23050 Jaén;1 persona;Total (superficie útil);11.249
23050 Jaén;2 personas;Total (superficie útil);11.274
23050 Jaén;3 personas;Total (superficie útil);8.877
23050 Jaén;4 personas;Total (superficie útil);8.814
23050 Jaén;5 o más personas;Total (superficie útil);2.935
23055 Linares;Total (tamaño del hogar);Total (superficie útil);21.526
23055 Linares;1 persona;Total (superficie útil);5.285
23055 Linares;2 personas;Total (superficie útil);5.932
23055 Linares;3 personas;Total (superficie útil);4.713
23055 Linares;4 personas;Total (superficie útil);4.128
23055 Linares;5 o más personas;Total (superficie útil);1.468
24089 León;Total (tamaño del hogar);Total (superficie útil);55.185
24089 León;1 persona;Total (superficie útil);19.573
24089 León;2 personas;Total (superficie útil);16.534
24089 León;3 personas;Total (superficie útil);10.523
24089 León;4 personas;Total (superficie útil);6.355
24089 León;5 o más personas;Total (superficie útil);2.200
24115 Ponferrada;Total (tamaño del hogar);Total (superficie útil);27.569
24115 Ponferrada;1 persona;Total (superficie útil);8.592
24115 Ponferrada;2 personas;Total (superficie útil);8.373
24115 Ponferrada;3 personas;Total (superficie útil);5.891
24115 Ponferrada;4 personas;Total (superficie útil);3.590
24115 Ponferrada;5 o más personas;Total (superficie útil);1.123
25120 Lleida;Total (tamaño del hogar);Total (superficie útil);54.542
25120 Lleida;1 persona;Total (superficie útil);15.147
25120 Lleida;2 personas;Total (superficie útil);15.629
25120 Lleida;3 personas;Total (superficie útil);11.225
25120 Lleida;4 personas;Total (superficie útil);8.308
25120 Lleida;5 o más personas;Total (superficie útil);4.233
26089 Logroño;Total (tamaño del hogar);Total (superficie útil);62.937
26089 Logroño;1 persona;Total (superficie útil);19.265
26089 Logroño;2 personas;Total (superficie útil);18.444
26089 Logroño;3 personas;Total (superficie útil);12.474
26089 Logroño;4 personas;Total (superficie útil);9.415
26089 Logroño;5 o más personas;Total (superficie útil);3.339
27028 Lugo;Total (tamaño del hogar);Total (superficie útil);41.300
27028 Lugo;1 persona;Total (superficie útil);12.724
27028 Lugo;2 personas;Total (superficie útil);11.995
27028 Lugo;3 personas;Total (superficie útil);9.004
27028 Lugo;4 personas;Total (superficie útil);5.642
27028 Lugo;5 o más personas;Total (superficie útil);1.935
28005 Alcalá de Henares;Total (tamaño del hogar);Total (superficie útil);72.991
28005 Alcalá de Henares;1 persona;Total (superficie útil);15.438
28005 Alcalá de Henares;2 personas;Total (superficie útil);21.433
28005 Alcalá de Henares;3 personas;Total (superficie útil);16.736
28005 Alcalá de Henares;4 personas;Total (superficie útil);13.935
28005 Alcalá de Henares;5 o más personas;Total (superficie útil);5.449
28006 Alcobendas;Total (tamaño del hogar);Total (superficie útil);40.084
28006 Alcobendas;1 persona;Total (superficie útil);7.437
28006 Alcobendas;2 personas;Total (superficie útil);10.677
28006 Alcobendas;3 personas;Total (superficie útil);8.743
28006 Alcobendas;4 personas;Total (superficie útil);8.178
28006 Alcobendas;5 o más personas;Total (superficie útil);5.049
28007 Alcorcón;Total (tamaño del hogar);Total (superficie útil);65.867
28007 Alcorcón;1 persona;Total (superficie útil);15.172
28007 Alcorcón;2 personas;Total (superficie útil);19.755
28007 Alcorcón;3 personas;Total (superficie útil);14.280
28007 Alcorcón;4 personas;Total (superficie útil);12.139
28007 Alcorcón;5 o más personas;Total (superficie útil);4.521
28013 Aranjuez;Total (tamaño del hogar);Total (superficie útil);21.571
28013 Aranjuez;1 persona;Total (superficie útil);4.749
28013 Aranjuez;2 personas;Total (superficie útil);5.710
28013 Aranjuez;3 personas;Total (superficie útil);4.616
28013 Aranjuez;4 personas;Total (superficie útil);4.345
28013 Aranjuez;5 o más personas;Total (superficie útil);2.151
28014 Arganda del Rey;Total (tamaño del hogar);Total (superficie útil);19.643
28014 Arganda del Rey;1 persona;Total (superficie útil);3.425
28014 Arganda del Rey;2 personas;Total (superficie útil);5.210
28014 Arganda del Rey;3 personas;Total (superficie útil);4.805
28014 Arganda del Rey;4 personas;Total (superficie útil);4.393
28014 Arganda del Rey;5 o más personas;Total (superficie útil);1.810
28022 Boadilla del Monte;Total (tamaño del hogar);Total (superficie útil);18.060
28022 Boadilla del Monte;1 persona;Total (superficie útil);2.100
28022 Boadilla del Monte;2 personas;Total (superficie útil);3.779
28022 Boadilla del Monte;3 personas;Total (superficie útil);4.062
28022 Boadilla del Monte;4 personas;Total (superficie útil);5.355
28022 Boadilla del Monte;5 o más personas;Total (superficie útil);2.764
28045 Colmenar Viejo;Total (tamaño del hogar);Total (superficie útil);17.888
28045 Colmenar Viejo;1 persona;Total (superficie útil);3.281
28045 Colmenar Viejo;2 personas;Total (superficie útil);4.545
28045 Colmenar Viejo;3 personas;Total (superficie útil);4.073
28045 Colmenar Viejo;4 personas;Total (superficie útil);4.098
28045 Colmenar Viejo;5 o más personas;Total (superficie útil);1.891
28047 Collado Villalba;Total (tamaño del hogar);Total (superficie útil);23.281
28047 Collado Villalba;1 persona;Total (superficie útil);5.072
28047 Collado Villalba;2 personas;Total (superficie útil);6.227
28047 Collado Villalba;3 personas;Total (superficie útil);5.072
28047 Collado Villalba;4 personas;Total (superficie útil);4.578
28047 Collado Villalba;5 o más personas;Total (superficie útil);2.332
28049 Coslada;Total (tamaño del hogar);Total (superficie útil);29.649
28049 Coslada;1 persona;Total (superficie útil);5.261
28049 Coslada;2 personas;Total (superficie útil);8.979
28049 Coslada;3 personas;Total (superficie útil);7.320
28049 Coslada;4 personas;Total (superficie útil);5.922
28049 Coslada;5 o más personas;Total (superficie útil);2.167
28058 Fuenlabrada;Total (tamaño del hogar);Total (superficie útil);67.078
28058 Fuenlabrada;1 persona;Total (superficie útil);10.367
28058 Fuenlabrada;2 personas;Total (superficie útil);18.312
28058 Fuenlabrada;3 personas;Total (superficie útil);17.290
28058 Fuenlabrada;4 personas;Total (superficie útil);15.394
28058 Fuenlabrada;5 o más personas;Total (superficie útil);5.715
28065 Getafe;Total (tamaño del hogar);Total (superficie útil);70.627
28065 Getafe;1 persona;Total (superficie útil);16.268
28065 Getafe;2 personas;Total (superficie útil);20.995
28065 Getafe;3 personas;Total (superficie útil);15.429
28065 Getafe;4 personas;Total (superficie útil);13.510
28065 Getafe;5 o más personas;Total (superficie útil);4.425
28074 Leganés;Total (tamaño del hogar);Total (superficie útil);72.285
28074 Leganés;1 persona;Total (superficie útil);16.118
28074 Leganés;2 personas;Total (superficie útil);22.043
28074 Leganés;3 personas;Total (superficie útil);16.066
28074 Leganés;4 personas;Total (superficie útil);13.428
28074 Leganés;5 o más personas;Total (superficie útil);4.630
28079 Madrid;Total (tamaño del hogar);Total (superficie útil);1.322.855
28079 Madrid;1 persona;Total (superficie útil);397.447
28079 Madrid;2 personas;Total (superficie útil);380.686
28079 Madrid;3 personas;Total (superficie útil);251.859
28079 Madrid;4 personas;Total (superficie útil);190.474
28079 Madrid;5 o más personas;Total (superficie útil);102.389
28080 Majadahonda;Total (tamaño del hogar);Total (superficie útil);23.827
28080 Majadahonda;1 persona;Total (superficie útil);4.075
28080 Majadahonda;2 personas;Total (superficie útil);5.915
28080 Majadahonda;3 personas;Total (superficie útil);5.035
28080 Majadahonda;4 personas;Total (superficie útil);5.213
28080 Majadahonda;5 o más personas;Total (superficie útil);3.589
28092 Móstoles;Total (tamaño del hogar);Total (superficie útil);76.662
28092 Móstoles;1 persona;Total (superficie útil);14.784
28092 Móstoles;2 personas;Total (superficie útil);23.194
28092 Móstoles;3 personas;Total (superficie útil);18.335
28092 Móstoles;4 personas;Total (superficie útil);14.405
28092 Móstoles;5 o más personas;Total (superficie útil);5.944
28106 Parla;Total (tamaño del hogar);Total (superficie útil);44.570
28106 Parla;1 persona;Total (superficie útil);7.814
28106 Parla;2 personas;Total (superficie útil);11.589
28106 Parla;3 personas;Total (superficie útil);10.280
28106 Parla;4 personas;Total (superficie útil);9.745
28106 Parla;5 o más personas;Total (superficie útil);5.142
28113 Pinto;Total (tamaño del hogar);Total (superficie útil);19.481
28113 Pinto;1 persona;Total (superficie útil);3.782
28113 Pinto;2 personas;Total (superficie útil);5.165
28113 Pinto;3 personas;Total (superficie útil);4.784
28113 Pinto;4 personas;Total (superficie útil);4.348
28113 Pinto;5 o más personas;Total (superficie útil);1.402
28115 Pozuelo de Alarcón;Total (tamaño del hogar);Total (superficie útil);27.767
28115 Pozuelo de Alarcón;1 persona;Total (superficie útil);4.310
28115 Pozuelo de Alarcón;2 personas;Total (superficie útil);6.747
28115 Pozuelo de Alarcón;3 personas;Total (superficie útil);5.882
28115 Pozuelo de Alarcón;4 personas;Total (superficie útil);6.211
28115 Pozuelo de Alarcón;5 o más personas;Total (superficie útil);4.617
28123 Rivas-Vaciamadrid;Total (tamaño del hogar);Total (superficie útil);31.289
28123 Rivas-Vaciamadrid;1 persona;Total (superficie útil);4.773
28123 Rivas-Vaciamadrid;2 personas;Total (superficie útil);7.440
28123 Rivas-Vaciamadrid;3 personas;Total (superficie útil);7.892
28123 Rivas-Vaciamadrid;4 personas;Total (superficie útil);8.418
28123 Rivas-Vaciamadrid;5 o más personas;Total (superficie útil);2.766
28127 Rozas de Madrid, Las;Total (tamaño del hogar);Total (superficie útil);31.307
28127 Rozas de Madrid, Las;1 persona;Total (superficie útil);5.317
28127 Rozas de Madrid, Las;2 personas;Total (superficie útil);7.360
28127 Rozas de Madrid, Las;3 personas;Total (superficie útil);6.832
28127 Rozas de Madrid, Las;4 personas;Total (superficie útil);7.433
28127 Rozas de Madrid, Las;5 o más personas;Total (superficie útil);4.365
28134 San Sebastián de los Reyes;Total (tamaño del hogar);Total (superficie útil);32.904
28134 San Sebastián de los Reyes;1 persona;Total (superficie útil);6.692
28134 San Sebastián de los Reyes;2 personas;Total (superficie útil);8.947
28134 San Sebastián de los Reyes;3 personas;Total (superficie útil);7.420
28134 San Sebastián de los Reyes;4 personas;Total (superficie útil);6.972
28134 San Sebastián de los Reyes;5 o más personas;Total (superficie útil);2.873
28148 Torrejón de Ardoz;Total (tamaño del hogar);Total (superficie útil);47.253
28148 Torrejón de Ardoz;1 persona;Total (superficie útil);8.715
28148 Torrejón de Ardoz;2 personas;Total (superficie útil);12.784
28148 Torrejón de Ardoz;3 personas;Total (superficie útil);11.508
28148 Torrejón de Ardoz;4 personas;Total (superficie útil);9.969
28148 Torrejón de Ardoz;5 o más personas;Total (superficie útil);4.277
28161 Valdemoro;Total (tamaño del hogar);Total (superficie útil);26.569
28161 Valdemoro;1 persona;Total (superficie útil);4.407
28161 Valdemoro;2 personas;Total (superficie útil);6.192
28161 Valdemoro;3 personas;Total (superficie útil);6.555
28161 Valdemoro;4 personas;Total (superficie útil);7.075
28161 Valdemoro;5 o más personas;Total (superficie útil);2.340
29025 Benalmádena;Total (tamaño del hogar);Total (superficie útil);29.656
29025 Benalmádena;1 persona;Total (superficie útil);9.535
29025 Benalmádena;2 personas;Total (superficie útil);8.408
29025 Benalmádena;3 personas;Total (superficie útil);5.548
29025 Benalmádena;4 personas;Total (superficie útil);4.329
29025 Benalmádena;5 o más personas;Total (superficie útil);1.836
29051 Estepona;Total (tamaño del hogar);Total (superficie útil);27.729
29051 Estepona;1 persona;Total (superficie útil);7.178
29051 Estepona;2 personas;Total (superficie útil);7.776
29051 Estepona;3 personas;Total (superficie útil);5.668
29051 Estepona;4 personas;Total (superficie útil);5.015
29051 Estepona;5 o más personas;Total (superficie útil);2.092
29054 Fuengirola;Total (tamaño del hogar);Total (superficie útil);33.911
29054 Fuengirola;1 persona;Total (superficie útil);10.553
29054 Fuengirola;2 personas;Total (superficie útil);10.139
29054 Fuengirola;3 personas;Total (superficie útil);6.060
29054 Fuengirola;4 personas;Total (superficie útil);4.594
29054 Fuengirola;5 o más personas;Total (superficie útil);2.565
29067 Málaga;Total (tamaño del hogar);Total (superficie útil);218.245
29067 Málaga;1 persona;Total (superficie útil);54.869
29067 Málaga;2 personas;Total (superficie útil);58.621
29067 Málaga;3 personas;Total (superficie útil);46.385
29067 Málaga;4 personas;Total (superficie útil);39.436
29067 Málaga;5 o más personas;Total (superficie útil);18.934
29069 Marbella;Total (tamaño del hogar);Total (superficie útil);56.491
29069 Marbella;1 persona;Total (superficie útil);15.382
29069 Marbella;2 personas;Total (superficie útil);14.995
29069 Marbella;3 personas;Total (superficie útil);11.343
29069 Marbella;4 personas;Total (superficie útil);9.219
29069 Marbella;5 o más personas;Total (superficie útil);5.552
29070 Mijas;Total (tamaño del hogar);Total (superficie útil);33.623
29070 Mijas;1 persona;Total (superficie útil);8.708
29070 Mijas;2 personas;Total (superficie útil);9.894
29070 Mijas;3 personas;Total (superficie útil);6.604
29070 Mijas;4 personas;Total (superficie útil);5.661
29070 Mijas;5 o más personas;Total (superficie útil);2.756
29094 Vélez-Málaga;Total (tamaño del hogar);Total (superficie útil);32.267
29094 Vélez-Málaga;1 persona;Total (superficie útil);8.683
29094 Vélez-Málaga;2 personas;Total (superficie útil);8.705
29094 Vélez-Málaga;3 personas;Total (superficie útil);6.621
29094 Vélez-Málaga;4 personas;Total (superficie útil);5.863
29094 Vélez-Málaga;5 o más personas;Total (superficie útil);2.395
29901 Torremolinos;Total (tamaño del hogar);Total (superficie útil);29.339
29901 Torremolinos;1 persona;Total (superficie útil);10.226
29901 Torremolinos;2 personas;Total (superficie útil);8.050
29901 Torremolinos;3 personas;Total (superficie útil);5.258
29901 Torremolinos;4 personas;Total (superficie útil);4.102
29901 Torremolinos;5 o más personas;Total (superficie útil);1.703
30016 Cartagena;Total (tamaño del hogar);Total (superficie útil);77.228
30016 Cartagena;1 persona;Total (superficie útil);17.885
30016 Cartagena;2 personas;Total (superficie útil);20.033
30016 Cartagena;3 personas;Total (superficie útil);15.555
30016 Cartagena;4 personas;Total (superficie útil);15.110
30016 Cartagena;5 o más personas;Total (superficie útil);8.645
30024 Lorca;Total (tamaño del hogar);Total (superficie útil);31.833
30024 Lorca;1 persona;Total (superficie útil);6.184
30024 Lorca;2 personas;Total (superficie útil);7.425
30024 Lorca;3 personas;Total (superficie útil);6.771
30024 Lorca;4 personas;Total (superficie útil);6.932
30024 Lorca;5 o más personas;Total (superficie útil);4.521
30027 Molina de Segura;Total (tamaño del hogar);Total (superficie útil);26.050
30027 Molina de Segura;1 persona;Total (superficie útil);5.429
30027 Molina de Segura;2 personas;Total (superficie útil);6.434
30027 Molina de Segura;3 personas;Total (superficie útil);5.731
30027 Molina de Segura;4 personas;Total (superficie útil);5.729
30027 Molina de Segura;5 o más personas;Total (superficie útil);2.727
30030 Murcia;Total (tamaño del hogar);Total (superficie útil);163.570
30030 Murcia;1 persona;Total (superficie útil);37.959
30030 Murcia;2 personas;Total (superficie útil);40.165
30030 Murcia;3 personas;Total (superficie útil);33.960
30030 Murcia;4 personas;Total (superficie útil);32.762
30030 Murcia;5 o más personas;Total (superficie útil);18.724
31201 Pamplona/Iruña;Total (tamaño del hogar);Total (superficie útil);82.670
31201 Pamplona/Iruña;1 persona;Total (superficie útil);25.494
31201 Pamplona/Iruña;2 personas;Total (superficie útil);23.649
31201 Pamplona/Iruña;3 personas;Total (superficie útil);15.330
31201 Pamplona/Iruña;4 personas;Total (superficie útil);12.006
31201 Pamplona/Iruña;5 o más personas;Total (superficie útil);6.191
32054 Ourense;Total (tamaño del hogar);Total (superficie útil);44.981
32054 Ourense;1 persona;Total (superficie útil);14.170
32054 Ourense;2 personas;Total (superficie útil);13.732
32054 Ourense;3 personas;Total (superficie útil);9.470
32054 Ourense;4 personas;Total (superficie útil);5.605
32054 Ourense;5 o más personas;Total (superficie útil);2.004
33004 Avilés;Total (tamaño del hogar);Total (superficie útil);34.135
33004 Avilés;1 persona;Total (superficie útil);10.778
33004 Avilés;2 personas;Total (superficie útil);10.919
33004 Avilés;3 personas;Total (superficie útil);7.396
33004 Avilés;4 personas;Total (superficie útil);3.953
33004 Avilés;5 o más personas;Total (superficie útil);1.089
33024 Gijón;Total (tamaño del hogar);Total (superficie útil);120.349
33024 Gijón;1 persona;Total (superficie útil);38.928
33024 Gijón;2 personas;Total (superficie útil);39.375
33024 Gijón;3 personas;Total (superficie útil);24.710
33024 Gijón;4 personas;Total (superficie útil);13.156
33024 Gijón;5 o más personas;Total (superficie útil);4.180
33044 Oviedo;Total (tamaño del hogar);Total (superficie útil);95.561
33044 Oviedo;1 persona;Total (superficie útil);31.116
33044 Oviedo;2 personas;Total (superficie útil);29.690
33044 Oviedo;3 personas;Total (superficie útil);19.563
33044 Oviedo;4 personas;Total (superficie útil);11.349
33044 Oviedo;5 o más personas;Total (superficie útil);3.843
33066 Siero;Total (tamaño del hogar);Total (superficie útil);21.184
33066 Siero;1 persona;Total (superficie útil);5.835
33066 Siero;2 personas;Total (superficie útil);6.345
33066 Siero;3 personas;Total (superficie útil);4.941
33066 Siero;4 personas;Total (superficie útil);3.055
33066 Siero;5 o más personas;Total (superficie útil);1.008
34120 Palencia;Total (tamaño del hogar);Total (superficie útil);33.006
34120 Palencia;1 persona;Total (superficie útil);10.452
34120 Palencia;2 personas;Total (superficie útil);9.882
34120 Palencia;3 personas;Total (superficie útil);6.918
34120 Palencia;4 personas;Total (superficie útil);4.436
34120 Palencia;5 o más personas;Total (superficie útil);1.318
35004 Arrecife;Total (tamaño del hogar);Total (superficie útil);22.697
35004 Arrecife;1 persona;Total (superficie útil);5.282
35004 Arrecife;2 personas;Total (superficie útil);5.678
35004 Arrecife;3 personas;Total (superficie útil);4.997
35004 Arrecife;4 personas;Total (superficie útil);3.663
35004 Arrecife;5 o más personas;Total (superficie útil);3.077
35016 Palmas de Gran Canaria, Las;Total (tamaño del hogar);Total (superficie útil);143.195
35016 Palmas de Gran Canaria, Las;1 persona;Total (superficie útil);36.913
35016 Palmas de Gran Canaria, Las;2 personas;Total (superficie útil);38.672
35016 Palmas de Gran Canaria, Las;3 personas;Total (superficie útil);31.725
35016 Palmas de Gran Canaria, Las;4 personas;Total (superficie útil);22.133
35016 Palmas de Gran Canaria, Las;5 o más personas;Total (superficie útil);13.752
35019 San Bartolomé de Tirajana;Total (tamaño del hogar);Total (superficie útil);22.312
35019 San Bartolomé de Tirajana;1 persona;Total (superficie útil);7.736
35019 San Bartolomé de Tirajana;2 personas;Total (superficie útil);5.986
35019 San Bartolomé de Tirajana;3 personas;Total (superficie útil);4.029
35019 San Bartolomé de Tirajana;4 personas;Total (superficie útil);2.744
35019 San Bartolomé de Tirajana;5 o más personas;Total (superficie útil);1.817
35022 Santa Lucía de Tirajana;Total (tamaño del hogar);Total (superficie útil);26.309
35022 Santa Lucía de Tirajana;1 persona;Total (superficie útil);5.780
35022 Santa Lucía de Tirajana;2 personas;Total (superficie útil);6.635
35022 Santa Lucía de Tirajana;3 personas;Total (superficie útil);6.215
35022 Santa Lucía de Tirajana;4 personas;Total (superficie útil);4.544
35022 Santa Lucía de Tirajana;5 o más personas;Total (superficie útil);3.135
35026 Telde;Total (tamaño del hogar);Total (superficie útil);38.205
35026 Telde;1 persona;Total (superficie útil);9.369
35026 Telde;2 personas;Total (superficie útil);9.646
35026 Telde;3 personas;Total (superficie útil);8.928
35026 Telde;4 personas;Total (superficie útil);6.634
35026 Telde;5 o más personas;Total (superficie útil);3.628
36038 Pontevedra;Total (tamaño del hogar);Total (superficie útil);33.017
36038 Pontevedra;1 persona;Total (superficie útil);8.799
36038 Pontevedra;2 personas;Total (superficie útil);9.387
36038 Pontevedra;3 personas;Total (superficie útil);7.254
36038 Pontevedra;4 personas;Total (superficie útil);5.303
36038 Pontevedra;5 o más personas;Total (superficie útil);2.274
36057 Vigo;Total (tamaño del hogar);Total (superficie útil);114.082
36057 Vigo;1 persona;Total (superficie útil);29.871
36057 Vigo;2 personas;Total (superficie útil);32.045
36057 Vigo;3 personas;Total (superficie útil);24.834
36057 Vigo;4 personas;Total (superficie útil);18.390
36057 Vigo;5 o más personas;Total (superficie útil);8.942
37274 Salamanca;Total (tamaño del hogar);Total (superficie útil);63.989
37274 Salamanca;1 persona;Total (superficie útil);22.285
37274 Salamanca;2 personas;Total (superficie útil);19.301
37274 Salamanca;3 personas;Total (superficie útil);12.190
37274 Salamanca;4 personas;Total (superficie útil);7.549
37274 Salamanca;5 o más personas;Total (superficie útil);2.664
38006 Arona;Total (tamaño del hogar);Total (superficie útil);33.223
38006 Arona;1 persona;Total (superficie útil);9.985
38006 Arona;2 personas;Total (superficie útil);9.328
38006 Arona;3 personas;Total (superficie útil);6.556
38006 Arona;4 personas;Total (superficie útil);4.394
38006 Arona;5 o más personas;Total (superficie útil);2.960
38017 Granadilla de Abona;Total (tamaño del hogar);Total (superficie útil);19.311
38017 Granadilla de Abona;1 persona;Total (superficie útil);4.787
38017 Granadilla de Abona;2 personas;Total (superficie útil);5.051
38017 Granadilla de Abona;3 personas;Total (superficie útil);4.302
38017 Granadilla de Abona;4 personas;Total (superficie útil);3.039
38017 Granadilla de Abona;5 o más personas;Total (superficie útil);2.132
38023 San Cristóbal de La Laguna;Total (tamaño del hogar);Total (superficie útil);59.144
38023 San Cristóbal de La Laguna;1 persona;Total (superficie útil);15.395
38023 San Cristóbal de La Laguna;2 personas;Total (superficie útil);14.996
38023 San Cristóbal de La Laguna;3 personas;Total (superficie útil);13.269
38023 San Cristóbal de La Laguna;4 personas;Total (superficie útil);9.594
38023 San Cristóbal de La Laguna;5 o más personas;Total (superficie útil);5.890
38038 Santa Cruz de Tenerife;Total (tamaño del hogar);Total (superficie útil);81.056
38038 Santa Cruz de Tenerife;1 persona;Total (superficie útil);22.786
38038 Santa Cruz de Tenerife;2 personas;Total (superficie útil);22.101
38038 Santa Cruz de Tenerife;3 personas;Total (superficie útil);17.149
38038 Santa Cruz de Tenerife;4 personas;Total (superficie útil);11.955
38038 Santa Cruz de Tenerife;5 o más personas;Total (superficie útil);7.065
39075 Santander;Total (tamaño del hogar);Total (superficie útil);72.467
39075 Santander;1 persona;Total (superficie útil);22.771
39075 Santander;2 personas;Total (superficie útil);21.703
39075 Santander;3 personas;Total (superficie útil);14.256
39075 Santander;4 personas;Total (superficie útil);9.292
39075 Santander;5 o más personas;Total (superficie útil);4.445
39087 Torrelavega;Total (tamaño del hogar);Total (superficie útil);21.213
39087 Torrelavega;1 persona;Total (superficie útil);6.052
39087 Torrelavega;2 personas;Total (superficie útil);6.602
39087 Torrelavega;3 personas;Total (superficie útil);4.541
39087 Torrelavega;4 personas;Total (superficie útil);2.928
39087 Torrelavega;5 o más personas;Total (superficie útil);1.090
40194 Segovia;Total (tamaño del hogar);Total (superficie útil);20.808
40194 Segovia;1 persona;Total (superficie útil);6.389
40194 Segovia;2 personas;Total (superficie útil);5.810
40194 Segovia;3 personas;Total (superficie útil);4.093
40194 Segovia;4 personas;Total (superficie útil);3.079
40194 Segovia;5 o más personas;Total (superficie útil);1.437
41004 Alcalá de Guadaíra;Total (tamaño del hogar);Total (superficie útil);26.922
41004 Alcalá de Guadaíra;1 persona;Total (superficie útil);5.240
41004 Alcalá de Guadaíra;2 personas;Total (superficie útil);7.055
41004 Alcalá de Guadaíra;3 personas;Total (superficie útil);6.084
41004 Alcalá de Guadaíra;4 personas;Total (superficie útil);6.401
41004 Alcalá de Guadaíra;5 o más personas;Total (superficie útil);2.142
41038 Dos Hermanas;Total (tamaño del hogar);Total (superficie útil);47.885
41038 Dos Hermanas;1 persona;Total (superficie útil);8.428
41038 Dos Hermanas;2 personas;Total (superficie útil);12.496
41038 Dos Hermanas;3 personas;Total (superficie útil);11.436
41038 Dos Hermanas;4 personas;Total (superficie útil);11.426
41038 Dos Hermanas;5 o más personas;Total (superficie útil);4.099
41091 Sevilla;Total (tamaño del hogar);Total (superficie útil);266.588
41091 Sevilla;1 persona;Total (superficie útil);71.162
41091 Sevilla;2 personas;Total (superficie útil);73.909
41091 Sevilla;3 personas;Total (superficie útil);54.457
41091 Sevilla;4 personas;Total (superficie útil);47.003
41091 Sevilla;5 o más personas;Total (superficie útil);20.057
41095 Utrera;Total (tamaño del hogar);Total (superficie útil);18.708
41095 Utrera;1 persona;Total (superficie útil);3.809
41095 Utrera;2 personas;Total (superficie útil);5.114
41095 Utrera;3 personas;Total (superficie útil);4.225
41095 Utrera;4 personas;Total (superficie útil);4.090
41095 Utrera;5 o más personas;Total (superficie útil);1.470
42173 Soria;Total (tamaño del hogar);Total (superficie útil);16.713
42173 Soria;1 persona;Total (superficie útil);5.400
42173 Soria;2 personas;Total (superficie útil);4.543
42173 Soria;3 personas;Total (superficie útil);3.422
42173 Soria;4 personas;Total (superficie útil);2.467
42173 Soria;5 o más personas;Total (superficie útil);881
43123 Reus;Total (tamaño del hogar);Total (superficie útil);40.520
43123 Reus;1 persona;Total (superficie útil);10.430
43123 Reus;2 personas;Total (superficie útil);11.393
43123 Reus;3 personas;Total (superficie útil);8.444
43123 Reus;4 personas;Total (superficie útil);6.912
43123 Reus;5 o más personas;Total (superficie útil);3.341
43148 Tarragona;Total (tamaño del hogar);Total (superficie útil);53.551
43148 Tarragona;1 persona;Total (superficie útil);14.635
43148 Tarragona;2 personas;Total (superficie útil);15.722
43148 Tarragona;3 personas;Total (superficie útil);10.702
43148 Tarragona;4 personas;Total (superficie útil);8.313
43148 Tarragona;5 o más personas;Total (superficie útil);4.179
44216 Teruel;Total (tamaño del hogar);Total (superficie útil);14.270
44216 Teruel;1 persona;Total (superficie útil);4.133
44216 Teruel;2 personas;Total (superficie útil);3.826
44216 Teruel;3 personas;Total (superficie útil);3.027
44216 Teruel;4 personas;Total (superficie útil);2.487
44216 Teruel;5 o más personas;Total (superficie útil);797
45165 Talavera de la Reina;Total (tamaño del hogar);Total (superficie útil);31.662
45165 Talavera de la Reina;1 persona;Total (superficie útil);7.929
45165 Talavera de la Reina;2 personas;Total (superficie útil);8.761
45165 Talavera de la Reina;3 personas;Total (superficie útil);6.803
45165 Talavera de la Reina;4 personas;Total (superficie útil);5.640
45165 Talavera de la Reina;5 o más personas;Total (superficie útil);2.529
45168 Toledo;Total (tamaño del hogar);Total (superficie útil);32.321
45168 Toledo;1 persona;Total (superficie útil);9.024
45168 Toledo;2 personas;Total (superficie útil);8.301
45168 Toledo;3 personas;Total (superficie útil);6.400
45168 Toledo;4 personas;Total (superficie útil);5.527
45168 Toledo;5 o más personas;Total (superficie útil);3.069
46131 Gandia;Total (tamaño del hogar);Total (superficie útil);30.322
46131 Gandia;1 persona;Total (superficie útil);8.714
46131 Gandia;2 personas;Total (superficie útil);8.413
46131 Gandia;3 personas;Total (superficie útil);6.239
46131 Gandia;4 personas;Total (superficie útil);4.727
46131 Gandia;5 o más personas;Total (superficie útil);2.229
46190 Paterna;Total (tamaño del hogar);Total (superficie útil);27.007
46190 Paterna;1 persona;Total (superficie útil);6.462
46190 Paterna;2 personas;Total (superficie útil);7.153
46190 Paterna;3 personas;Total (superficie útil);6.189
46190 Paterna;4 personas;Total (superficie útil);5.243
46190 Paterna;5 o más personas;Total (superficie útil);1.960
46220 Sagunto/Sagunt;Total (tamaño del hogar);Total (superficie útil);27.883
46220 Sagunto/Sagunt;1 persona;Total (superficie útil);8.168
46220 Sagunto/Sagunt;2 personas;Total (superficie útil);8.262
46220 Sagunto/Sagunt;3 personas;Total (superficie útil);5.733
46220 Sagunto/Sagunt;4 personas;Total (superficie útil);4.262
46220 Sagunto/Sagunt;5 o más personas;Total (superficie útil);1.458
46244 Torrent;Total (tamaño del hogar);Total (superficie útil);30.874
46244 Torrent;1 persona;Total (superficie útil);6.795
46244 Torrent;2 personas;Total (superficie útil);8.443
46244 Torrent;3 personas;Total (superficie útil);6.967
46244 Torrent;4 personas;Total (superficie útil);6.151
46244 Torrent;5 o más personas;Total (superficie útil);2.518
46250 València;Total (tamaño del hogar);Total (superficie útil);323.171
46250 València;1 persona;Total (superficie útil);96.493
46250 València;2 personas;Total (superficie útil);93.169
46250 València;3 personas;Total (superficie útil);64.611
46250 València;4 personas;Total (superficie útil);48.242
46250 València;5 o más personas;Total (superficie útil);20.656
47186 Valladolid;Total (tamaño del hogar);Total (superficie útil);127.185
47186 Valladolid;1 persona;Total (superficie útil);39.631
47186 Valladolid;2 personas;Total (superficie útil);39.140
47186 Valladolid;3 personas;Total (superficie útil);25.488
47186 Valladolid;4 personas;Total (superficie útil);16.863
47186 Valladolid;5 o más personas;Total (superficie útil);6.063
48013 Barakaldo;Total (tamaño del hogar);Total (superficie útil);42.953
48013 Barakaldo;1 persona;Total (superficie útil);12.114
48013 Barakaldo;2 personas;Total (superficie útil);13.992
48013 Barakaldo;3 personas;Total (superficie útil);9.398
48013 Barakaldo;4 personas;Total (superficie útil);5.927
48013 Barakaldo;5 o más personas;Total (superficie útil);1.522
48020 Bilbao;Total (tamaño del hogar);Total (superficie útil);149.461
48020 Bilbao;1 persona;Total (superficie útil);47.407
48020 Bilbao;2 personas;Total (superficie útil);47.145
48020 Bilbao;3 personas;Total (superficie útil);28.826
48020 Bilbao;4 personas;Total (superficie útil);19.589
48020 Bilbao;5 o más personas;Total (superficie útil);6.494
48044 Getxo;Total (tamaño del hogar);Total (superficie útil);30.426
48044 Getxo;1 persona;Total (superficie útil);7.738
48044 Getxo;2 personas;Total (superficie útil);9.401
48044 Getxo;3 personas;Total (superficie útil);6.105
48044 Getxo;4 personas;Total (superficie útil);5.046
48044 Getxo;5 o más personas;Total (superficie útil);2.136
49275 Zamora;Total (tamaño del hogar);Total (superficie útil);26.793
49275 Zamora;1 persona;Total (superficie útil);8.867
49275 Zamora;2 personas;Total (superficie útil);8.206
49275 Zamora;3 personas;Total (superficie útil);5.464
49275 Zamora;4 personas;Total (superficie útil);3.389
49275 Zamora;5 o más personas;Total (superficie útil);867
50297 Zaragoza;Total (tamaño del hogar);Total (superficie útil);280.054
50297 Zaragoza;1 persona;Total (superficie útil);80.672
50297 Zaragoza;2 personas;Total (superficie útil);84.237
50297 Zaragoza;3 personas;Total (superficie útil);57.506
50297 Zaragoza;4 personas;Total (superficie útil);42.713
50297 Zaragoza;5 o más personas;Total (superficie útil);14.926
51001 Ceuta;Total (tamaño del hogar);Total (superficie útil);25.380
51001 Ceuta;1 persona;Total (superficie útil);5.254
51001 Ceuta;2 personas;Total (superficie útil);5.255
51001 Ceuta;3 personas;Total (superficie útil);4.735
51001 Ceuta;4 personas;Total (superficie útil);4.763
51001 Ceuta;5 o más personas;Total (superficie útil);5.373
52001 Melilla;Total (tamaño del hogar);Total (superficie útil);25.534
52001 Melilla;1 persona;Total (superficie útil);4.634
52001 Melilla;2 personas;Total (superficie útil);5.230
52001 Melilla;3 personas;Total (superficie útil);4.921
52001 Melilla;4 personas;Total (superficie útil);4.805
52001 Melilla;5 o más personas;Total (superficie útil);5.944
